Name,Address,City,State,ZipCode,Grade
Pikeville Medical Center,911 Bypass Road,Pikeville,KY,41501-1595,A
Three Rivers Medical Center,Highway 644,Louisa,KY,41230-9632,A
King's Daughters Medical Center,2201 Lexington Avenue,Ashland,KY,41101-2874,C
Whitesburg ARH Hospital,240 Hospital Road,Whitesburg,KY,41858-1254,A
Highlands Regional Medical Center,5000 Kentucky Route 321,Prestonsburg,KY,41653-1273,C
Our Lady of Bellefonte Hospital,St Christopher Drive,Ashland,KY,41101,B
Hazard ARH Regional Medical Center,100 Medical Center Drive,Hazard,KY,41701-1000,B
Harlan ARH Hospital,81 Ball Park Road,Harlan,KY,40831-1792,B
St. Claire Regional Medical Center,222 Medical Circle,Morehead,KY,40351-1180,C
Middlesboro ARH Hospital,3600 West Cumberland Avenue,Middlesboro,KY,40965-2614,B
Manchester Memorial Hospital,210 Marie Langdon Dr,Manchester,KY,40962-9156,A
Meadowview Regional Medical Center,989 Medical Park Drive,Maysville,KY,41056-8750,A
Baptist Health Corbin,1 Trillium Way,Corbin,KY,40701-8420,A
Saint Joseph - London,1001 Saint Joseph Drive,London,KY,40741-1299,C
Clark Regional Medical Center,175 Hospital Drive,Winchester,KY,40391-1138,B
Baptist Health Richmond,801 Eastern Bypass,Richmond,KY,40475-2405,B
Saint Joseph East,150 North Eagle Creek Drive,Lexington,KY,40509-1807,C
UK HealthCare Good Samaritan Hospital,310 South Limestone Street,Lexington,KY,40508-3008,B
University of Kentucky Albert B. Chandler Hospital,"800 Rose Street, N100",Lexington,KY,40536-0293,B
Central Baptist Hospital,1740 Nicholasville Road,Lexington,KY,40503-1499,B
Saint Joseph Hospital,One St Joseph Drive,Lexington,KY,40504-3752,C
St. Elizabeth Healthcare - Ft. Thomas,85 North Grand Ave,Ft. Thomas,KY,41075-1796,B
Lake Cumberland Regional Hospital,305 Langdon Street,Somerset,KY,42501-2750,C
Georgetown Community Hospital,1140 Lexington Rd,Georgetown,KY,40324-9362,A
St. Elizabeth Healthcare - Edgewood,1 Medical Village Dr,Edgewood,KY,41017-3403,A
St. Elizabeth Healthcare - Florence,4900 Houston Road,Florence,KY,41042-4824,B
Ephraim McDowell Regional Medical Center,217 South Third Street,Danville,KY,40422-9983,D
FRANKFORT REGIONAL MEDICAL CENTER,299 KINGS DAUGHTERS DRIVE,FRANKFORT,KY,40601-4186,A
Jewish Hospital-Shelbyville,727 Hospital Drive,Shelbyville,KY,40065-1699,C
Taylor Regional Hospital,1700 Old Lebanon Road,Campbellsville,KY,42718-9600,C
Baptist Hospital Northeast,1025 New Moody Lane,La Grange,KY,40031-0559,B
Flaget Memorial Hospital,4305 New Shepherdsville Road,Bardstown,KY,40004,C
Norton Brownsboro Hospital,4960 Norton Healthcare Boulevard,Louisville,KY,40241,C
Norton Women's &amp; Children's Hospital,4001 Dutchmans Lane,Louisville,KY,40207-4799,B
Baptist Health Louisville,4000 Kresge Way,Louisville,KY,40207-4676,B
Norton Audubon Hospital,1 Audubon Plaza Dr,Louisville,KY,40217,B
University of Louisville Hospital,530 South Jackson St,Louisville,KY,40202-3611,D
NORTON HOSPITAL,200 E CHESTNUT ST,LOUISVILLE,KY,40202-1800,C
Jewish Hospital,200 Abraham Flexner Way,Louisville,KY,40202-1886,D
Sts. Mary &amp; Elizabeth Hospital,1850 Bluegrass Avenue,Louisville,KY,40215-1199,D
T. J. Samson Community Hospital,1301 North Race Street,Glasgow,KY,42141-3483,C
Hardin Memorial Hospital,913 North Dixie Avenue,Elizabethtown,KY,42701,C
Twin Lakes Regional Medical Center,910 Wallace Ave,Leitchfield,KY,42754-1499,A
Medical Center at Bowling Green,250 Park Street,Bowling Green,KY,42101-1795,C
Greenview Regional Hospital,1801 ASHLEY CIRCLE,BOWLING GREEN,KY,42104-3362,A
Owensboro Health,1201 Pleasant Valley Road,Owensboro,KY,42303,C
Baptist Health Madisonville,900 Hospital Drive,Madisonville,KY,42431-1694,B
Methodist Hospital of Henderson,1305 N. Elm Street,Henderson,KY,42420-2775,B
Murray-Calloway County Hospital,803 Poplar Street,Murray,KY,42071-2432,A
Baptist Health Paducah,2501 Kentucky Avenue,Paducah,KY,42003-3200,C
Jackson Purchase Medical Center,1099 Medical Center Circle,Mayfield,KY,42066-1179,B
Lourdes Hospital,1530 Lone Oak Road,Paducah,KY,42003-7900,C
Ochsner Medical Center - North Shore,100 Medical Center Drive,Slidell,LA,70461-5520,B
Slidell Memorial Hospital,1001 Gause Boulevard,Slidell,LA,70458-2987,B
Louisiana Medical Center and Heart Hospital,64030 Highway 434,Lacombe,LA,70445,A
St. Bernard Parish Hospital,8000 West Judge Perez Drive,Chalmette,LA,70043-1668,C
Ochsner Medical Center - West Bank,2500 Belle Chase Hwy,Gretna,LA,70056,C
Tulane Medical Center,1415 TULANE AVE,New Orleans,LA,70112-2600,C
Lakeview Regional Medical Center,95 JUDGE TANNER BLVD,Covington,LA,70433-7507,B
Touro Infirmary,1401 Foucher Street,New Orleans,LA,70115-3593,C
West Jefferson Medical Center,1101 Medical Center Boulevard,Marrero,LA,70072-3191,B
Ochsner Baptist Medical Center,2700 Napoleon Avenue,New Orleans,LA,70115-6914,B
St. Tammany Parish Hospital,1202 S Tyler St,Covington,LA,70433-2330,A
Ochsner Medical Center - New Orleans,1514 Jefferson Highway,New Orleans,LA,70121-2429,C
East Jefferson General Hospital,4200 Houma Blvd.,Metairie,LA,70006-2996,A
Tulane Lakeside Hospital,4700 I 10 SERVICE ROAD,Metairie,LA,70001-1269,A
Ochsner Medical Center - Kenner,180 West Esplanade Avenue,Kenner,LA,70065-6001,B
North Oaks Medical Center,"15790 Paul Vega, M D Drive",Hammond,LA,70403-1436,C
Leonard J. Chabert Medical Center,1978 Industrial Boulevard,Houma,LA,70363-7094,A
Terrebonne General Medical Center,8166 Main Street,Houma,LA,70360-3498,B
Thibodaux Regional Medical Center,602 North Acadia Road,Thibodaux,LA,70301-4847,B
St. Elizabeth Hospital,1125 WEST HIGHWAY 30,Gonzales,LA,70737-5004,A
Ochsner Medical Center-Baton Rouge,17000 Medical Center Drive,Baton Rouge,LA,70816-3224,A
Baton Rouge General Medical Center,8585 Picardy Ave,Baton Rouge,LA,70806-3889,A
Our Lady of The Lake Regional Medical Center,5000 Hennessey Blvd,Baton Rouge,LA,70808-4375,B
Lane Regional Medical Center,6300 Main Street,Zachary,LA,70791-4037,B
Teche Regional Medical Center,1125 Marguerite Street,Morgan City,LA,70380-1855,B
Iberia Medical Center,2315 East Main Street,New Iberia,LA,70560-4031,C
Lafayette General Medical Center,1214 Coolidge St.,Lafayette,LA,70503-2696,A
Our Lady of Lourdes Regional Medical Center,4801 Ambassador Caffrey Parkway,Lafayette,LA,70508,C
Avoyelles Hospital,4231 Highway 1192,Marksville,LA,71351,B
University Medical Center at Lafayette,2390 West Congress Street,Lafayette,LA,70506-4298,A
E. A. Conway Medical Center,4864 Jackson Street,Monroe,LA,71202-6497,C
St. Francis Medical Center,309 Jackson Street,Monroe,LA,71201-7407,B
Opelousas General Health System,539 East Prudhomme Street,Opelousas,LA,70570,C
Glenwood Regional Medical Center,503 McMillan Road,West Monroe,LA,71291-5327,B
Abbeville General Hospital,118 North Hospital Drive,Abbeville,LA,70510-4077,B
Acadia General Hospital (American Legion Hospital),1305 Crowley Rayne Highway,Crowley,LA,70526-8202,B
Rapides Regional Medical Center,211 4TH STREET,Alexandria,LA,71301,C
CHRISTUS St. Frances Cabrini Hospital,3330 Masonic Drive,Alexandria,LA,71301-3899,C
Jennings American Legion Hospital,1634 Elton Road,Jennings,LA,70546-3614,A
Natchitoches Regional Medical Center,501 Keyser Avenue,Natchitoches,LA,71457-6036,C
Minden Medical Center,1 Medical Plaza,Minden,LA,71055-3330,A
CHRISTUS St. Patrick Hospital of Lake Charles,524 Dr Michael Debakey Drive,Lake Charles,LA,70601-5799,C
Byrd Regional Hospital,1020 West Fertitta Boulevard,Leesville,LA,71446-4645,C
Lake Area Medical Center,4200 Nelson Road,Lake Charles,LA,70605-4118,A
Beauregard Memorial Hospital,600 South Pine Street,De Ridder,LA,70634-4998,A
WK Pierremont Health Center,8001 Youree Drive,Shreveport,LA,71115,C
Willis-Knighton Bossier Health Center,2400 Hospital Drive,Bossier City,LA,71111,C
CHRISTUS Highland Medical Center,One St Mary Place,Shreveport,LA,71101-4399,A
Willis-Knighton Medical Center,2600 Greenwood Road,Shreveport,LA,71103-2600,C
Willis-Knighton South &amp; the Center for Women's Health,2510 Bert Kouns Industrial Loop,Shreveport,LA,71118,C
Cape Cod Hospital,27 Park Street,Hyannis,MA,02601,A
Falmouth Hospital,100 Ter Heun Drive,Falmouth,MA,02540-2599,B
Beth Israel Deaconess Hospital Plymouth,275 Sandwich Street,Plymouth,MA,02360-2196,A
Tobey Hospital,43 High Street,Wareham,MA,02571,A
St. Luke's Hospital,101 Page Street,New Bedford,MA,02740,A
Addison Gilbert Hospital,298 Washington Street,Gloucester,MA,01930,A
South Shore Hospital,55 Fogg Road,South Weymouth,MA,02190-2432,A
Signature Healthcare Brockton Hospital,680 Centre Street,Brockton,MA,02302-3395,A
Beverly Hospital,85 Herrick Street,Beverly,MA,01915-1777,A
Charlton Memorial Hospital,363 Highland Avenue,Fall River,MA,02720-3703,A
Morton Hospital,88 Washington Street,Taunton,MA,02780-2465,C
North Shore Medical Center - Salem Hospital,81 Highland Avenue,Salem,MA,01970,C
Saint Anne's Hospital,795 Middle Street,Fall River,MA,02721,A
"Steward Good Samaritan Medical Center, Inc.",235 N. Pearl Street,Brockton,MA,02301-1794,B
North Shore Medical Center - Union Hospital,500 Lynnfield Street,Lynn,MA,01970-2714,C
Anna Jaques Hospital,25 Highland Avenue,Newburyport,MA,01950-3894,B
Carney Hospital,2100 Dorchester Avenue,Dorchester,MA,02124-5615,B
Beth Israel Deaconess Hospital-Milton,199 Reedsdale Road,Milton,MA,02186-3926,A
Cambridge Health Alliance: Whidden,103 Garland Street,Everett,MA,02149,B
Tufts Medical Center,800 Washington Street,Boston,MA,02111-1552,C
Boston Medical Center,1 Boston Medical Center Place,Boston,MA,02118-2908,B
Massachusetts General Hospital,55 Fruit Street,Boston,MA,02114,A
Hallmark Health System Melrose-Wakefield Hospital,585 Lebanon Street,Melrose,MA,02176,A
Beth Israel Deaconess Medical Center,330 Brookline Avenue,Boston,MA,02215-5491,B
Brigham And Women's Hospital,75 Francis Street,Boston,MA,02115-6110,B
Cambridge Health Alliance: Cambridge,1493 Cambridge Street,Cambridge,MA,02139-1099,C
Brigham and Women's Faulkner Hospital,1153 Centre Street,Boston,MA,02130-3400,A
Hallmark Health System Lawrence Memorial Hospital of Medford,170 Governors Avenue,Medford,MA,02155,A
Mount Auburn Hospital,330 Mount Auburn Street,Cambridge,MA,02138-5597,A
St. Elizabeth's Medical Center,736 Cambridge Street,Boston,MA,02135-2997,C
Sturdy Memorial Hospital,211 Park Street,Attleboro,MA,02703-3137,B
Norwood Hospital,800 Washington Street,Norwood,MA,02062-3487,B
Winchester Hospital,41 Highland Avenue,Winchester,MA,01890-1496,A
Holy Family Hospital at Merrimack Valley,140 Lincoln Avenue,Haverhill,MA,01830-6798,A
Beth Israel Deaconess Hospital - Needham,148 Chestnut Street,Needham,MA,02492,B
Newton-Wellesley Hospital,2014 Washington Street,Newton,MA,02462,A
Lahey Hospital and Medical Center,41 Burlington Mall Road,Burlington,MA,01805-0001,A
Lawrence General Hospital,1 General Street,Lawrence,MA,01841,B
Holy Family Hospital,70 East Street,Methuen,MA,01844-4597,A
Leonard Morse Hospital,67 Union Street,Natick,MA,01760,B
Lowell General Hospital - Saints Campus,1 Hospital Drive,Lowell,MA,01852-1311,B
Metrowest Medical Center,115 Lincoln Street,Framingham,MA,01702-6342,C
Emerson Hospital,133 Old Road to Nine Acre Corner,Concord,MA,01742-9120,A
Lowell General Hospital - Main Campus,295 Varnum Avenue,Lowell,MA,01854-2134,A
Milford Regional Medical Center,14 Prospect Street,Milford,MA,01757-3003,B
Marlborough Hospital,157 Union Street,Marlborough,MA,01752-1297,C
Nashoba Valley Medical Center,200 Groton Road,Ayer,MA,01432-3300,A
U Mass Memorial Medical Center - University Campus,55 Lake Avenue N.,Worcester,MA,01655,C
U Mass Memorial Medical Center - Memorial Campus,119 Belmont Street,Worcester,MA,01605-2982,C
St Vincent Hospital,123 Summer Street,Worcester,MA,01608,A
HealthAlliance Hospital,60 Hospital Road,Leominster,MA,01453-8004,B
Harrington Memorial Hospital,100 South Street,Southbridge,MA,01550-4051,A
Heywood Hospital,242 Green Street,Gardner,MA,01440-1373,A
Mercy Medical Center of Springfield,271 Carew Street,Springfield,MA,01104-2398,B
Baystate Medical Center,759 Chestnut Street,Springfield,MA,01199-0001,B
Holyoke Medical Center,575 Beech Street,Holyoke,MA,01040-2223,A
Cooley Dickinson Hospital,30 Locust Street,Northampton,MA,01061-5001,B
Baystate Franklin Medical Center,164 High Street,Greenfield,MA,01301-2613,A
Baystate Noble Hospital,115 West Silver St.,Westfield,MA,01086-1634,A
Berkshire Medical Center,725 North Street,Pittsfield,MA,01201-4124,A
UM Baltimore Washington Medical Center,301 Hospital Drive,Glen Burnie,MD,21061-5899,N
University of Maryland Medical Center,22 S. Greene Street,Baltimore,MD,21201-1595,N
Maine Coast Memorial Hospital,50 Union Street,Ellsworth,ME,04605-1599,A
Eastern Maine Medical Center,489 State Street,Bangor,ME,04402-0404,B
The Aroostook Medical Center,140 Academy Street,Presque Isle,ME,04769-3171,A
St. Joseph Hospital of Bangor,360 Broadway,Bangor,ME,04401-3897,A
Pen Bay Medical Center,6 Glen Cove Drive,Rockport,ME,04856-4240,A
Cary Medical Center,163 Van Buren Road,Caribou,ME,04736-2599,A
Inland Hospital,200 Kennedy Memorial Drive,Waterville,ME,04901-4595,A
Mid Coast Hospital,123 Medical Center Drive,Brunswick,ME,04011,A
Maine General Medical Center,35 Medical Center Parkway,Augusta,ME,04330,B
Mercy Hospital of Portland,144 State Street,Portland,ME,04101-3795,A
Maine Medical Center,22 Bramhall Street,Portland,ME,04102-3175,C
St. Mary's Regional Medical Center of Maine,93 Campus Avenue,Lewiston,ME,04240,A
Central Maine Medical Center,300 Main Street,Lewiston,ME,04240-0305,B
SMHC Biddeford Medical Center,1 Medical Center Drive,Biddeford,ME,04005-9496,B
York Hospital,15 Hospital Drive,York,ME,03909-1099,A
Franklin Memorial Hospital,111 Franklin Health Cmns,Farmington,ME,04938-9990,C
McLaren Port Huron,1221 Pine Grove Avenue,Port Huron,MI,48060,A
Lake Huron Medical Center,2601 Electric Avenue,Port Huron,MI,48060,C
Beaumont Hospital - Grosse Pointe,468 Cadieux Road,Grosse Pointe,MI,48230-1592,C
St. John Hospital and Medical Center,22101 Moross Road,Detroit,MI,48236-2172,C
McLaren Macomb,1000 Harrington Boulevard,Mount Clemens,MI,48043-2920,C
Henry Ford Macomb Hospitals,15855 19 Mile Road,Clinton Township,MI,48038-6324,B
St. John Macomb Hospital,11800 E. Twelve Mile Road,Warren,MI,48093-3494,D
Detroit Receiving Hospital and University Health Center,4201 St. Antoine Street,Detroit,MI,48201-2194,C
Harper-Hutzel Hospital,3990 John R Street,Detroit,MI,48201-9027,C
Henry Ford Hospital,2799 W. Grand Boulevard,Detroit,MI,48202-2689,C
St. John Oakland Hospital,27351 Dequindre Road,Madison Heights,MI,48071-3499,D
Beaumont Hospital - Troy,44201 Dequindre Road,Troy,MI,48085,C
Henry Ford Wyandotte Hospital,2333 Biddle Avenue,Wyandotte,MI,48192-4693,C
"Beaumont Hospital, Trenton",5450 Fort Street,Trenton,MI,48183-4625,B
Sinai-Grace Hospital,6071 W. Outer Drive,Detroit,MI,48235-2679,C
Huron Medical Center,1100 S. Van Dyke Road,Bad Axe,MI,48413-9799,C
"Beaumont Hospital, Dearborn",18101 Oakwood Boulevard,Dearborn,MI,48124-4093,B
"Beaumont Hospital, Royal Oak",3601 W. Thirteen Mile Road,Royal Oak,MI,48073-6712,C
"Beaumont Hospital, Taylor",10000 Telegraph Road,Taylor,MI,48180-3349,A
St. Joseph Mercy Oakland,44405 Woodward Avenue,Pontiac,MI,48341-2985,A
Garden City Hospital,6245 Inkster Road,Garden City,MI,48135-4001,C
McLaren - Oakland,50 N. Perry Street,Pontiac,MI,48342-2253,C
"Beaumont Hospital, Farmington Hills",28050 Grand River Avenue,Farmington Hills,MI,48336-5933,C
Mercy Memorial Hospital,718 N. Macomb Street,Monroe,MI,48162-2930,A
"Beaumont Hospital, Wayne",33155 Annapolis Street,Wayne,MI,48184-2493,C
McLaren - Lapeer Region,1375 N. Main Street,Lapeer,MI,48446-1350,B
St. Mary Mercy Hospital,36475 Five Mile Road,Livonia,MI,48154-1988,B
Henry Ford West Bloomfield Hospital,6777 W. Maple Road,West Bloomfield,MI,48322,A
Huron Valley-Sinai Hospital,1 William Carls Drive,Commerce Township,MI,48382-2201,A
"St. Joseph Mercy Hospital, Ann Arbor",5301 McAuley Drive,Ypsilanti,MI,48197,C
University of Michigan Hospitals and Health Centers,1500 E. Medical Center Drive,Ann Arbor,MI,48109,A
MidMichigan Medical Center - Alpena,1501 W. Chisholm Street,Alpena,MI,49707-1498,C
Hurley Medical Center,1 Hurley Plaza,Flint,MI,48503-5993,D
McLaren Flint,401 S. Ballenger Highway,Flint,MI,48532-3685,C
St. Joseph Mercy Livingston Hospital,620 Byron Road,Howell,MI,48843-1093,A
McLaren - Bay Region,1900 Columbus Avenue,Bay City,MI,48708-6880,C
ProMedica Bixby Hospital,818 Riverside Avenue,Adrian,MI,49221-1496,B
St. Joseph Mercy - Chelsea,775 S. Main Street,Chelsea,MI,48118-1399,A
St. Mary's of Michigan of Saginaw,800 S. Washington Avenue,Saginaw,MI,48601-2524,C
Covenant Medical Center Harrison Campus,1447 N. Harrison Street,Saginaw,MI,48602-4785,C
Memorial Healthcare,826 W. King Street,Owosso,MI,48867-2198,C
MidMichigan Medical Center-Midland,4000 Wellness Drive,Midland,MI,48670-0001,A
Henry Ford Allegiance Health,205 N. East Avenue,Jackson,MI,49201-1789,A
West Branch Regional Medical Center,2463 S. M-30,West Branch,MI,48661-1199,C
Sparrow Hospital &amp; Health System,1215 E. Michigan Avenue,Lansing,MI,48912-1811,B
McLaren - Greater Lansing,401 W. Greenlawn Avenue,Lansing,MI,48910-2819,C
Hillsdale Hospital,168 S. Howell Street,Hillsdale,MI,49242-2081,A
War Memorial Hospital,500 Osborn Boulevard,Sault Sainte Marie,MI,49783-4467,B
MidMichigan Medical Center-Gratiot,300 E. Warwick Drive,Alma,MI,48801-1096,A
McLaren Central Michigan,1221 South Drive,Mount Pleasant,MI,48858-3234,A
MidMichigan Medical Center-Clare,703 N. McEwan Street,Clare,MI,48617-1409,B
Otsego Memorial Hospital,825 N. Center Avenue,Gaylord,MI,49735-1560,A
Mercy Hospital of Grayling,1100 E. Michigan Avenue,Grayling,MI,49738-1398,A
Sparrow Carson Hospital,406 E. Elm Street,Carson City,MI,48811-0879,B
Community Health Center of Branch County,274 E. Chicago Street,Coldwater,MI,49036-2088,A
Bronson Battle Creek,300 North Avenue,Battle Creek,MI,49017-3307,B
McLaren - Northern Michigan,416 Connable Avenue,Petoskey,MI,49770-2297,B
Spectrum Health Pennock,1009 W. Green Street,Hastings,MI,49058-1790,B
Spectrum Health United Hospital,615 S. Bower Street,Greenville,MI,48838-2628,A
Sturgis Hospital,916 Myrtle Street,Sturgis,MI,49091-2001,A
Munson Healthcare Cadillac Hospital,400 Hobart Street,Cadillac,MI,49601-9596,B
Borgess Medical Center,1521 Gull Road,Kalamazoo,MI,49048-1640,C
Spectrum Health Big Rapids Hospital,605 Oak Street,Big Rapids,MI,49307-2099,A
Bronson Methodist Hospital,601 John Street,Kalamazoo,MI,49007-5345,B
Spectrum Health Blodgett Hospital,1840 Wealthy Street SE,Grand Rapids,MI,49506,A
Mercy Health Saint Mary's,200 Jefferson Avenue SE,Grand Rapids,MI,49503-4598,C
Spectrum Health Butterworth Hospital,100 Michigan Street NE,Grand Rapids,MI,49503,A
Metro Health Hospital,5900 Byron Center Avenue SW,Wyoming,MI,49519-0916,A
Munson Medical Center,1105 Sixth Street,Traverse City,MI,49684-2386,C
Spectrum Health Zeeland Community Hospital,8333 Felch Street,Zeeland,MI,49464-1619,A
Lakeland Community Hospital Niles,31 N. St. Joseph Avenue,Niles,MI,49120,A
Mercy Health Mercy Campus,1500 E. Sherman Boulevard,Muskegon,MI,49443,D
North Ottawa Community Hospital,1309 Sheldon Road,Grand Haven,MI,49417-2488,A
Mercy Health Hackley Campus,1700 Clinton Street,Muskegon,MI,49443,D
Lakeland Regional Medical Center-St. Joseph,1234 Napier Avenue,St. Joseph,MI,49085-2112,A
Spectrum Health Ludington Hospital,1 Atkinson Drive,Ludington,MI,49431-1999,A
UP Health System – Marquette,580 W. College Avenue,Marquette,MI,49855-2794,C
Dickinson County Healthcare System,1721 S. Stephenson Avenue,Iron Mountain,MI,49801-3637,A
UP Health System - Portage,500 Campus Drive,Hancock,MI,49930-1569,C
Winona Health,855 Mankato Avenue,Winona,MN,55987-5377,C
St. Luke's Hospital of Duluth,915 E. First Street,Duluth,MN,55805-2193,C
Essentia Health Saint Mary's Medical Center,407 E. 3rd Street,Duluth,MN,55805-1984,B
Essentia Health-Virginia,901 Ninth Street N.,Virginia,MN,55792-2398,A
"Mayo Clinic Hospital -Rochester, Methodist Campus",201 W. Center Street,Rochester,MN,55902-3084,A
"Mayo Clinic Hospital- Rochester, Saint Marys Campus",1216 2nd St. S.W.,Rochester,MN,55902-1970,A
Mayo Clinic Health System In Red Wing,701 Fairview Boulevard,Red Wing,MN,55066-2848,A
Fairview University Medical Center Mesabi,750 E. 34th Street,Hibbing,MN,55746-4600,A
Lakeview Hospital,927 Churchill Street W.,Stillwater,MN,55082-5930,A
Woodwinds Health Campus,1925 Woodwinds Drive,Woodbury,MN,55125,A
Healtheast St. John's Hospital,1575 Beam Avenue,St. Paul,MN,55109-1126,C
Regions Hospital,640 Jackson Street,St. Paul,MN,55101-2595,C
Healtheast St. Joseph's Hospital,45 W. 10th Street,St. Paul,MN,55102-1053,C
United Hospital of St. Paul,333 N. Smith Avenue,St. Paul,MN,55102-2389,B
Cambridge Medical Center,701 S. Dellwood Street,Cambridge,MN,55008-1920,A
"University of Minnesota Medical Center, Fairview - West Bank Campus",2450 Riverside Avenue,Minneapolis,MN,55454-1400,B
Unity Hospital of Fridley,550 Osborne Road NE,Fridley,MN,55432-2799,C
Hennepin County Medical Center,701 Park Avenue,Minneapolis,MN,55415-1829,C
Abbott Northwestern Hospital,800 E. 28th Street,Minneapolis,MN,55407-3799,A
Fairview Ridges Hospital,201 E. Nicollet Boulevard,Burnsville,MN,55337-5799,C
North Memorial Medical Center,3300 Oakdale Avenue N.,Robbinsdale,MN,55422-2926,B
Fairview Southdale Hospital,6401 France Avenue South,Edina,MN,55435-2199,B
Mercy Hospital of Coon Rapids,4050 Coon Rapids Boulevard,Coon Rapids,MN,55433-2586,A
Park Nicollet Methodist Hospital,6500 Excelsior Boulevard,St. Louis Park,MN,55426-4702,A
Grand Itasca Clinic and Hospital,1601 Golf Course Road,Grand Rapids,MN,55744-3698,A
Albert Lea Medical Center - Mayo Clinic Health System,404 W. Fountain Street,Albert Lea,MN,56007-2473,B
Maple Grove Hospital,9875 Hospital Drive,Maple Grove,MN,55369-4648,B
St. Francis Regional Medical Center,1455 St. Francis Avenue,Shakopee,MN,55379-3380,A
Ridgeview Medical Center,500 S. Maple Street,Waconia,MN,55387-1791,A
Mankato Hospital - Mayo Clinic Health System,1025 Marsh Street,Mankato,MN,56002-8673,A
Essentia Health - Saint Joseph's Medical Center,523 N. 3rd Street,Brainerd,MN,56401-3098,B
St. Cloud Hospital,1406 Sixth Avenue N.,St. Cloud,MN,56303-1901,C
Sanford Bemidji Medical Center,1300 Anne Street NW,Bemidji,MN,56601,D
Rice Memorial Hospital,301 Becker Avenue SW,Willmar,MN,56201-3395,C
Douglas County Hospital,111 17th Avenue E.,Alexandria,MN,56308-3798,A
Lake Region Healthcare,712 S. Cascade Street,Fergus Falls,MN,56537-2900,C
Southeast Hospital,1701 Lacey St,Cape Girardeau,MO,63701-5230,C
Saint Francis Medical Center,211 St Francis Drive,Cape Girardeau,MO,63703-5049,C
Missouri Delta Medical Center,1008 North Main Street,Sikeston,MO,63801-5044,A
St. Alexius Hospital - Broadway Campus,3933 S. Broadway,St. Louis,MO,63118-4601,C
SSM Health Saint Louis University Hospital,3635 Vista Avenue,St. Louis,MO,63110-0250,C
Christian Hospital Northeast,11133 Dunn Road,St. Louis,MO,63136-6119,C
Barnes-Jewish Hospital,1 Barnes-Jewish Hospital Plaza,St. Louis,MO,63110-1003,C
SSM Health St. Mary's Hospital-St. Louis,6420 Clayton Road,St. Louis,MO,63117-1811,A
St. Anthony's Medical Center of St. Louis,10010 Kennerly Road,St. Louis,MO,63128-2106,C
Mercy Hospital Jefferson,1400 US Highway 61 South,Crystal City,MO,63019,B
SSM Health DePaul Hospital-St. Louis,12303 DePaul Drive,Bridgeton,MO,63044-2512,B
Mercy Hospital St. Louis,615 S. New Ballas Road,St. Louis,MO,63141-8277,A
Missouri Baptist Medical Center,3015 N. Ballas Road,St. Louis,MO,63131-2329,C
Poplar Bluff Regional Medical Center,3100 Oak Grove Road,Poplar Bluff,MO,63901-3396,C
Des Peres Hospital,2345 Dougherty Ferry Road,St. Louis,MO,63122-3313,B
Barnes-Jewish West County Hospital,12634 Olive Boulevard,St. Louis,MO,63141-6337,A
SSM Health St. Clare Hospital-St. Louis,1015 Bowles Avenue,Fenton,MO,63026-2394,C
SSM Health St. Joseph Hospital-St. Charles,300 First Capitol Drive,St. Charles,MO,63301-2844,C
St. Luke's Hospital of Chesterfield,232 S. Woods Mill Road,Chesterfield,MO,63017-3417,B
Barnes-Jewish St. Peters Hospital,10 Hospital Drive,St. Peters,MO,63376-1659,C
Progress West HealthCare Center,2 Progress Point Parkway,O'Fallon,MO,63368-2208,A
SSM Health St. Joseph Hospital - Lake St. Louis,100 Medical Plaza,Lake St. Louis,MO,63367-1366,A
SSM Health St. Joseph Hospital - Wentzville,500 Medical Drive,Wentzville,MO,63385,C
Mercy Hospital Washington,901 E. Fifth Street,Washington,MO,63090-3127,A
Hannibal Regional Hospital,6000 Hospital Drive,Hannibal,MO,63401-6749,B
Phelps County Regional Medical Center,1000 West Tenth Street,Rolla,MO,65401-2905,B
SSM Health St. Mary's Hospital - Audrain,620 E Monroe,Mexico,MO,65265-2919,B
Ozarks Medical Center,1100 Kentucky Avenue,West Plains,MO,65775-1100,A
Capital Region Medical Center,1125 Madison Street,Jefferson City,MO,65101-5200,A
SSM Health St. Mary's Hospital - Jefferson City,2505 Mission Drive,Jefferson City,MO,65109,C
Boone Hospital Center,1600 East Broadway,Columbia,MO,65201-5844,B
University of Missouri Hospital &amp; Clinics,One Hospital Drive,Columbia,MO,65212,D
Northeast Regional Medical Center,315 South Osteopathy,Kirksville,MO,63501-8599,A
Mercy Hospital Lebanon,100 Hospital Drive,Lebanon,MO,65536,D
Lake Regional Health System,54 Hospital Drive,Osage Beach,MO,65065-3050,C
Bothwell Regional Health Center,601 East 14th Street,Sedalia,MO,65301-1706,B
Cox Medical Center Branson,251 Skaggs Road,Branson,MO,65616-2035,C
Mercy Hospital - Springfield,1235 East Cherokee Street,Springfield,MO,65804-2263,B
Cox Medical Centers,3801 SOUTH NATIONAL AVENUE,Springfield,MO,65802,C
Citizens Memorial Hospital,1500 North Oakland Avenue,Bolivar,MO,65613-3011,C
Western Missouri Medical Center,403 Burkarth Road,Warrensburg,MO,64093-3101,C
Golden Valley Memorial Healthcare,1600 North Second Street,Clinton,MO,64735-1192,B
Cameron Regional Medical Center,1600 E. Evergreen Street,Cameron,MO,64429-1498,C
St. Mary's Medical Center,201 W. RD Mize Road,Blue Springs,MO,64014-2518,B
Lee's Summit Medical Center,2100 SE Blue Parkway,Lee's Summit,MO,64063,A
Centerpoint Medical Center,19600 E. 39th Street,Independence,MO,64057,A
Saint Luke's East Hospital,100 NE Saint Luke's Blvd,Lee's Summit,MO,64086-6000,B
Truman Medical Center Lakewood,7900 Lees Summit Road,Kansas City,MO,64139-1236,D
Liberty Hospital,2525 Glenn Hendren Drive,Liberty,MO,64068-9600,A
North Kansas City Hospital,2800 Clay Edwards Drive,North Kansas City,MO,64116-3220,C
Research Medical Center Main Campus,2316 E. Meyer Boulevard,Kansas City,MO,64132-1136,A
Truman Medical Center Hospital Hill,2301 Holmes Street,Kansas City,MO,64108-2602,D
Saint Luke's Hospital of Kansas City,4401 Wornall Road,Kansas City,MO,64111-3220,B
St. Joseph Medical Center,1000 Carondelet Drive,Kansas City,MO,64114-4673,B
Saint Luke's North Hospital,5830 NW Barry Rd,Kansas City,MO,64154-2778,C
Mercy Hospital Joplin,100 Mercy Way,Joplin,MO,64804,A
Freeman Health System,1102 West 32nd Street,Joplin,MO,64804-3503,A
Heartland Regional Medical Center of St. Joseph,5325 Faraon Street,St. Joseph,MO,64506-3488,A
Belton Regional Medical Center,17065 S. 71 Highway,Belton,MO,64012-4631,B
Baptist Memorial Hospital Golden Triangle,2520 Fifth Street N.,Columbus,MS,39705-2095,A
Singing River Health System,2809 Denny Avenue,Pascagoula,MS,39581-5301,C
Gilmore Memorial Regional Medical Center,1105 Earl Frye Boulevard,Amory,MS,38821-5500,A
Magnolia Regional Health Center,611 Alcorn Drive,Corinth,MS,38834-9321,A
Wayne General Hospital,950 Matthew Drive,Waynesboro,MS,39367-2590,A
Rush Foundation Hospital,1314 19th Avenue,Meridian,MS,39301-4195,C
Anderson Regional Medical Center,2124 14th Street,Meridian,MS,39301-4040,B
North Mississippi Medical Center - Tupelo,830 South Gloster Street,Tupelo,MS,38801-4934,C
Ocean Springs Hospital,3109 Bienville Blvd.,Ocean Springs,MS,39564,C
OCH Regional Medical Center,400 Hospital Road,Starkville,MS,39759-2163,A
Merit Health Biloxi,150 Reynoir Street,Biloxi,MS,39530-4199,C
Baptist Memorial Hospital of Union County,200 Highway 30 W.,New Albany,MS,38652-3112,A
Garden Park Medical Center,15200 COMMUNITY ROAD,Gulfport,MS,39503-3085,A
Memorial Hospital at Gulfport,4500 13th Street,Gulfport,MS,39501-2569,C
South Central Regional Medical Center,1220 Jefferson Street,Laurel,MS,39440-4374,C
Forrest General Hospital,6051 U S Highway 49,Hattiesburg,MS,39401-7243,B
Merit Health Wesley,5001 Hardy Street,Hattiesburg,MS,39402,A
Baptist Memorial Hospital - North Mississippi,2301 S. Lamar Boulevard,Oxford,MS,38655-5373,A
Highland Community Hospital,801 Goodyear Boulevard,Picayune,MS,39466-3221,D
Methodist Olive Branch Hospital,4250 Bethel Road,Olive Branch,MS,38654-8737,A
University of Mississippi Medical Center Grenada,960 Avent Drive,Grenada,MS,38901-5230,C
Baptist Memorial Hospital DeSoto,7601 Southcrest Parkway,Southaven,MS,38671-4742,B
Merit Health Rankin,350 Crossgates Boulevard,Brandon,MS,39042-2698,C
Madison River Oaks Medical Center,161 River Oaks Drive,Canton,MS,39046,A
Merit Health River Oaks,1030 River Oaks Drive,Flowood,MS,39232-9553,B
St. Dominic-Jackson Memorial Hospital,969 Lakeland Drive,Jackson,MS,39216-4606,A
"University Hospitals and Health System, University of Mississippi Medical Center",2500 North State Street,Jackson,MS,39216-4505,D
Mississippi Baptist Medical Center,1225 North State Street,Jackson,MS,39202-2002,B
Greenwood Leflore Hospital,1401 River Road,Greenwood,MS,38930,C
Central Mississippi Medical Center,1850 Chadwick Drive,Jackson,MS,39204-3479,C
King's Daughters Medical Center,427 Highway 51 North,Brookhaven,MS,39601-2600,A
Southwest Mississippi Regional Medical Center,215 Marion Avenue,Mccomb,MS,39648-2798,C
Northwest Mississippi Regional Medical Center,1970 Hospital Drive,Clarksdale,MS,38614-7204,A
Bolivar Medical Center,901 East Sunflower Road,Cleveland,MS,38732-9722,A
Merit Health River Region,2100 Highway 61 North,Vicksburg,MS,39183,C
Delta Regional Medical Center,1400 East Union Street,Greenville,MS,38703,F
Merit Health Natchez,54 Seargent 'S' Prentiss Drive,Natchez,MS,39120-4726,C
Billings Clinic,2800 10th Avenue N,Billings,MT,59101,B
St. Vincent Healthcare,1233 N. 30th Street,Billings,MT,59101-0165,A
Benefis Hospitals,1101 26th Street South,Great Falls,MT,59405-5104,C
Bozeman Health Deaconess Hospital,915 Highland Boulevard,Bozeman,MT,59715-6902,D
St. Peter's Hospital,2475 Broadway,Helena,MT,59601,A
St. James Healthcare,400 South Clark Street,Butte,MT,59701,B
Kalispell Regional Medical Center,310 Sunnyview Lane,Kalispell,MT,59901-3129,B
Providence St. Patrick Hospital,500 West Broadway,Missoula,MT,59802-4096,A
RCHP Billings-Missoula LLC DBA Community Medical Center,2827 Fort Missoula Road,Missoula,MT,59804-7408,B
Sentara Albemarle Medical Center,1144 North Road Street,Elizabeth City,NC,27909,C
Carteret General Hospital,3500 Arendell St,Morehead City,NC,28557-1619,A
CarolinaEast Medical Center,2000 Neuse Boulevard,New Bern,NC,28560-3499,A
Vidant Beaufort Hospital,628 East 12th Street,Washington,NC,27889-3498,A
Roanoke-Chowan Hospital,500 South Academy Street,Ahoskie,NC,27910-3261,C
ONSLOW MEMORIAL HOSPITAL,317 WESTERN BOULEVARD,JACKSONVILLE,NC,28546,A
Vidant Medical Center,2100 Stantonsburg Road,Greenville,NC,27834,A
"Lenoir Memorial Hospital, Inc.",100 Airport Road,Kinston,NC,28501-1634,C
Vidant Edgecombe Hospital,111 Hospital Drive,Tarboro,NC,27886-2011,A
New Hanover Regional Medical Center,2131 South 17th Street,Wilmington,NC,28401-7483,A
Halifax Regional Medical Center,250 Smith Church Road,Roanoke Rapids,NC,27870,C
Vidant Duplin Hospital,401 North Main Street,Kenansville,NC,28349-9989,A
"Nash Hospitals, Inc.",2460 Curtis Ellis Drive,Rocky Mount,NC,27804-2237,C
Wayne Memorial Hospital,2700 Wayne Memorial Drive,Goldsboro,NC,27534,C
Wilson Medical Center,"1705 Tarboro Street, SW",Wilson,NC,27893-3428,C
Novant Health Brunswick Medical Center,240 Hospital Drive NE,Bolivia,NC,28422,A
Sampson Regional Medical Center,607 Beaman Street,Clinton,NC,28328-2697,C
Johnston Health,509 N. Bright Leaf Boulevard,Smithfield,NC,27577-1376,B
Columbus Regional Healthcare System,500 Jefferson St,Whiteville,NC,28472-9987,C
Maria Parham Medical Center,566 Ruin Creek Road,Henderson,NC,27536-2957,B
Betsy Johnson Regional Hospital,800 Tilghman Drive,Dunn,NC,28334-5599,A
WakeMed Raleigh Campus,3000 New Bern Avenue,Raleigh,NC,27610-1295,B
Duke Raleigh Hospital,3400 Wake Forest Road,Raleigh,NC,27609-7373,A
Granville Medical Center,1010 College Street,Oxford,NC,27565-2507,A
"Rex Hospital, Inc.",4420 Lake Boone Trail,Raleigh,NC,27607-6599,A
WakeMed Cary Hospital,1900 Kildaire Farm Road,Cary,NC,27518,B
Cape Fear Valley Medical Center,1638 Owen Drive,Fayetteville,NC,28304,B
Southeastern Regional Medical Center,300 West 27th Street,Lumberton,NC,28358-3017,B
Duke Regional Hospital,3643 N. Roxboro Road,Durham,NC,27704-2763,A
Duke University Hospital,2301 Erwin Road,Durham,NC,27710-0001,A
University of North Carolina Hospitals,101 Manning Drive,Chapel Hill,NC,27514-4220,A
CENTRAL CAROLINA HOSPITAL,1135 CARTHAGE ST,SANFORD,NC,27330-4111,A
Scotland Health Care System,500 Launchwood Dr.,Laurinburg,NC,28352-5599,B
FirstHealth Moore Regional Hospital,155 Memorial Drive,Pinehurst,NC,28374-8710,A
Alamance Regional Medical Center,1240 Huffman Mill Road,Burlington,NC,27216-0202,B
Annie Penn Hospital,618 S Main St,Reidsville,NC,27320,A
Randolph Hospital,364 White Oak Street,Asheboro,NC,27203-5400,A
Cone Health -Moses H. Cone Memorial Hospital,1200 N Elm St,Greensboro,NC,27401-1020,A
Wesley Long Community,501 N Elam Ave,Greensboro,NC,27403,A
High Point Regional UNC Health Care,601 North Elm Street,High Point,NC,27262-4398,A
Kernersville Medical Center,1750 Kernersville Medical Parkway,Kernersville,NC,27284-2932,A
Novant Health Thomasville Medical Center,207 Old Lexington Road,Thomasville,NC,27360-3428,B
Carolinas Healthcare System Stanly,301 Yadkin Street,Albemarle,NC,28001-3448,A
Wake Forest Baptist Health-Lexington Medical Center,250 Hospital Drive,Lexington,NC,27292-6728,B
Wake Forest Baptist Medical Center,MEDICAL CENTER BOULEVARD,WINSTON-SALEM,NC,27157-0001,B
Novant Health Medical Park Hospital,1950 South Hawthorne Road,Winston-Salem,NC,27103-3993,A
Novant Health Forsyth Medical Center,3333 Silas Creek Parkway,Winston-Salem,NC,27103-3090,A
Carolinas Healthcare System - Union,600 Hospital Drive,Monroe,NC,28112-6000,B
Novant Health Rowan Medical Center,612 Mocksville Avenue,Salisbury,NC,28144-2799,C
Carolinas Healthcare System - NorthEast,920 Church Street,Concord,NC,28025-2983,B
Novant Health Matthews Medical Center,1500 Matthews Township Parkway,Matthews,NC,28105-4656,B
Carolinas Healthcare System - University,8800 N. Tryon Street,Charlotte,NC,28262-8415,A
NORTHERN HOSPITAL OF SURRY COUNTY,830 ROCKFORD ST,MOUNT AIRY,NC,27030-5365,A
Carolinas Medical Center - Mercy,2001 Vail Ave,Charlotte,NC,28207-1289,B
Novant Health Presbyterian Medical Center,200 Hawthorne Lane,Charlotte,NC,28204-2528,B
Carolinas Medical Center,1000 Blythe Boulevard,Charlotte,NC,28203-5871,C
Carolinas Healthcare System - Pineville,10628 Park Rd,Charlotte,NC,28210,B
Novant Health Huntersville Medical Center,10030 Gilead Road,Huntersville,NC,28078,B
Davis Regional Medical Center,218 Old Mocksville Road,Statesville,NC,28625-1930,D
Iredell Memorial Hospital,557 Brookdale Drive,Statesville,NC,28677-1828,A
Hugh Chatham Memorial Hospital,180 Parkwood Drive,Elkin,NC,28621-0560,A
CaroMont Regional Medical Center,2525 COURT DR,GASTONIA,NC,28054-2142,A
Carolinas Healthcare System - Lincoln,443 McAlister Rd,Lincolnton,NC,28092,A
Wilkes Regional Medical Center,1370 West D St,North Wilkesboro,NC,28659-3506,A
Catawba Valley Medical Center,810 Fairgrove Church Rd,Hickory,NC,28602-9643,A
Carolinas Healthcare System- Kings Mountain,706 West King St,Kings Mountain,NC,28086-2708,A
FRYE REGIONAL MEDICAL CENTER,420 N CENTER ST,HICKORY,NC,28601-5049,A
Carolinas Healthcare System- Cleveland,201 East Grover St,Shelby,NC,28150,A
Caldwell Memorial Hospital,321 Mulberry Street SW,Lenoir,NC,28645-5720,C
Blue Ridge HealthCare Hospitals - Morganton,2201 South Sterling Street,Morganton,NC,28655-4058,C
Watauga Medical Center,336 Deerfield Road,Boone,NC,28607-2600,A
Rutherford Hospital,288 S. Ridgecrest Avenue,Rutherfordton,NC,28139-3097,C
McDowell Hospital,430 Rankin Drive,Marion,NC,28752-6568,A
Margaret R. Pardee Memorial Hospital,800 N. Justice Street,Hendersonville,NC,28791,A
Park Ridge Health,100 Hospital Drive,Hendersonville,NC,28792-5272,A
Mission St. Joseph's Health System,509 Biltmore Avenue,Asheville,NC,28801-4690,A
Haywood Regional Medical Center,262 Leroy George Drive,Clyde,NC,28721-9434,B
Harris Regional Hospital,68 Hospital Road,Sylva,NC,28779-2795,C
Sanford Medical Center,801 Broadway,Fargo,ND,58122,D
Essentia Health - Fargo,3000 32nd Avenue S.,Fargo,ND,58103,B
Altru Health System,1200 South Columbia Road,Grand Forks,ND,58201-4032,B
St. Alexius Medical Center,900 East Broadway,Bismarck,ND,58501-4586,B
Medcenter One,300 North Seventh Street,Bismarck,ND,58501-4439,C
Trinity Hospital,One Burdick Expressway West,Minot,ND,58701,D
CHI Health Creighton University Medical Center,601 N. 30th Street,Omaha,NE,68131-2197,C
Nebraska Medical Center,987400 Nebraska Medical Center,Omaha,NE,68198-7400,C
CHI Health Immanuel,6901 N. 72nd Street,Omaha,NE,68122-1799,A
CHI Health Bergan Mercy,7500 Mercy Road,Omaha,NE,68124-2319,B
Nebraska Methodist Hospital,8303 Dodge Street,Omaha,NE,68114-4108,B
CHI Health Lakeside,16901 Lakeside Hills Court,Omaha,NE,68130,A
Fremont Area Medical Center,450 EAST 23RD ST,Fremont,NE,68025,C
CHI Health St. Elizabeth,555 S 70th St,Lincoln,NE,68510-2462,C
Bryan Medical Center - East Campus,1600 South 48th Street,Lincoln,NE,68506-1283,B
Bryan Medical Center - West Campus,2300 South 16th Street,Lincoln,NE,68502-3704,B
Columbus Community Hospital,4600 38th Street,Columbus,NE,68601,A
Faith Regional Health Services,2700 West Norfolk Avenue,Norfolk,NE,68701,A
Saint Francis Medical Center,2620 West Faidley Ave,Grand Island,NE,68803-4297,C
Mary Lanning Healthcare,715 North St Joseph Avenue,Hastings,NE,68901-4497,C
Good Samaritan Hospital,10 East 31st Street,Kearney,NE,68847-2926,C
Great Plains Health,601 West Leota Street,North Platte,NE,69101-6598,B
Regional West Medical Center,4021 Avenue B,Scottsbluff,NE,69361-4695,B
Portsmouth Regional Hospital,333 Borthwick Avenue,Portsmouth,NH,03801-7004,A
Exeter Hospital,5 Alumni Drive,Exeter,NH,03833,B
Wentworth-Douglass Hospital,789 Central Avenue,Dover,NH,03820-2589,B
Frisbie Memorial Hospital,11 Whitehall Road,Rochester,NH,03867-3297,A
Parkland Medical Center,1 Parkland Drive,Derry,NH,03038-2750,B
St. Joseph Hospital of Nashua,172 Kinsley Street,Nashua,NH,03061-2013,C
Elliot Hospital,1 Elliot Way,Manchester,NH,03103-3599,C
Catholic Medical Center,100 McGregor Street,Manchester,NH,03102-3770,C
Concord Hospital,250 Pleasant Street,Concord,NH,03301-2598,A
Lakes Region General Hospital,80 Highland Street,Laconia,NH,03246-3298,B
Cheshire Medical Center,580 Court Street,Keene,NH,03431-1718,A
Dartmouth-Hitchcock Medical Center,1 Medical Center Drive,Lebanon,NH,03756-0001,C
Monmouth Medical Center,300 Second Avenue,Long Branch,NJ,07740-6303,A
Jersey Shore University Medical Center,1945 Route 33,Neptune,NJ,07753,C
Riverview Medical Center,1 Riverview Plaza,Red Bank,NJ,07701-9982,A
Ocean Medical Center,425 Jack Martin Boulevard,Brick,NJ,08724,B
Englewood Hospital and Medical Center,350 Engle Street,Englewood,NJ,07631-1898,A
HackensackUMC Palisades,7600 River Road,North Bergen,NJ,07047-6217,C
Community Medical Center of Toms River,99 Route 37 W.,Toms River,NJ,08755,C
Carepoint Health-Hoboken University Medical Center,308 Willow Avenue,Hoboken,NJ,07030-3889,B
Southern Ocean Medical Center,1140 Route 72 W.,Manahawkin,NJ,08050-2499,C
Jersey City Medical Center-Barnabas Health,355 Grand Street,Jersey City,NJ,07302,A
Holy Name Medical Center,718 Teaneck Road,Teaneck,NJ,07666-4281,A
CarePoint Health-Christ Hospital,176 Palisade Avenue,Jersey City,NJ,07306-1196,A
Monmouth Medical Center Southern Campus,600 River Avenue,Lakewood,NJ,08701-4281,C
Hackensack University Medical Center at Pascack Valley,250 Old Hook Road,Westwood,NJ,07675-3123,D
Meadowlands Hospital Medical Center,55 Meadowlands Parkway,Secaucus,NJ,07094-1580,C
Hackensack University Medical Center,30 Prospect Avenue,Hackensack,NJ,07601-1912,B
CarePoint Health-Bayonne Medical Center,29 E. 29th Street,Bayonne,NJ,07002-4699,B
Atlanticare Regional Medical Center - City Campus,1925 Pacific Avenue,Atlantic City,NJ,08401-6713,A
Bayshore Community Hospital,727 N. Beers Street,Holmdel,NJ,07733-1598,C
The Valley Hospital,223 N. Van Dien Avenue,Ridgewood,NJ,07450-9982,A
St. Mary's General Hospital,350 Boulevard,Passaic,NJ,07055,C
Saint Michael's Medical Center,111 Central Avenue,Newark,NJ,07102-2094,D
Clara Maass Medical Center,1 Clara Maass Drive,Belleville,NJ,07109-3557,B
CentraState Medical Center,901 W. Main Street,Freehold,NJ,07728-2549,C
University Hospital,150 Bergen Street,Newark,NJ,07103,D
Trinitas Regional Medical Center,225 Williamson Street,Elizabeth,NJ,07202,C
St. Joseph's Regional Medical Center,703 Main Street,Paterson,NJ,07503-2691,C
Newark Beth Israel Medical Center,201 Lyons Avenue,Newark,NJ,07112-2027,C
HackensackUMC Mountainside,1 Bay Avenue,Montclair,NJ,07042-4898,C
Raritan Bay Medical Center of Perth Amboy,530 New Brunswick Avenue,Perth Amboy,NJ,08861,C
Raritan Bay Medical Center of Old Bridge,1 Hospital Plaza,Old Bridge,NJ,08857,C
Atlanticare Regional Medical Center-Mainland Campus,65 W. Jimmie Leeds Road,Pomona,NJ,08240,A
St. Joseph's Wayne Hospital,224 Hamburg Turnpike,Wayne,NJ,07470,C
Shore Medical Center,100 Medical Center Way,Somers Point,NJ,08244-2387,A
Robert Wood Johnson University Hospital Rahway,865 Stone Street,Rahway,NJ,07065-2797,B
JFK Medical Center,65 James Street,Edison,NJ,08818-3059,B
Saint Barnabas Medical Center,94 Old Short Hills Road,Livingston,NJ,07039-5668,A
Chilton Medical Center,97 W. Parkway,Pompton Plains,NJ,07444-1696,C
Overlook Medical Center,99 Beauvoir Avenue,Summit,NJ,07902-0220,B
Robert Wood Johnson University Hospital,1 Robert Wood Johnson Place,New Brunswick,NJ,08903-2601,B
Saint Peter's University Hospital,254 Easton Avenue,New Brunswick,NJ,08901-1780,A
Cape Regional Medical Center,2 Stone Harbor Boulevard,Cape May Court House,NJ,08210-9990,B
Morristown Medical Center,100 Madison Avenue,Morristown,NJ,07962-1956,A
Saint Clare's Hospital of Denville,25 Pocono Road,Denville,NJ,07834-2954,C
University Medical Center of Princeton at Plainsboro,1 Plainsboro Road,Plainsboro,NJ,08536,A
Robert Wood Johnson University Hospital at Hamilton,1 Hamilton Health Place,Hamilton,NJ,08690-3599,C
Robert Wood Johnson University Hospital Somerset,110 Rehill Avenue,Somerville,NJ,08876-2598,A
Saint Clare's Hospital of Dover,400 West Blackwell Street,Dover,NJ,07801,B
St. Francis Medical Center of Trenton,601 Hamilton Avenue,Trenton,NJ,08629-1986,B
Virtua Memorial Hospital,175 Madison Avenue,Mount Holly,NJ,08060-2099,A
Capital Health Regional Medical Center,750 Brunswick Avenue,Trenton,NJ,08638-4174,B
Capital Health Medical Center - Hopewell,One Capital Way,Pennington,NJ,08534,C
Lourdes Medical Center of Burlington County,218 Sunset Road,Willingboro,NJ,08046-1162,C
Virtua Voorhees Hospital,100 Bowman Drive,Voorhees,NJ,08043-1597,A
Virtua Marlton Hospital,90 Brick Road,Marlton,NJ,08053-9697,A
Inspira Medical Center Vineland,1505 W. Sherman Avenue,Vineland,NJ,08360,A
Kennedy University Hospital - Stratford,18 East Laurel Road,Stratford,NJ,08084-1327,A
Hunterdon Medical Center,2100 Wescott Drive,Flemington,NJ,08822-4604,B
Kennedy University Hospital - Cherry Hill Campus,2201 Chapel Avenue West,Cherry Hill,NJ,08002-2048,A
Kennedy University Hospital - Washington Township Campus,435 Hurffville-Cross Keys Road,Turnersville,NJ,08012-2453,A
Newton Medical Center,175 High Street,Newton,NJ,07860-1004,A
Hackettstown Regional Medical Center,651 Willow Grove Street,Hackettstown,NJ,07840-1792,C
Our Lady of Lourdes Medical Center,1600 Haddon Avenue,Camden,NJ,08103,B
Inspira Medical Center Elmer,501 W. Front Street,Elmer,NJ,08318-1090,A
Cooper University Health Care,1 Cooper Plaza,Camden,NJ,08103-1489,C
Inspira Medical Center Woodbury,509 N. Broad Street,Woodbury,NJ,08096-1697,A
St. Luke's Warren Campus,185 Roseberry Street,Phillipsburg,NJ,08865-9955,C
Memorial Hospital of Salem County,310 Woodstown Road,Salem,NJ,08079-2080,C
Plains Regional Medical Center Clovis,2100 N MARTIN LUTHER KING JR BLVD,Clovis,NM,88101-9412,C
Lea Regional Medical Center,5419 North Lovington Highway,Hobbs,NM,88240-9125,C
Artesia General Hospital,702 North 13th Street,Artesia,NM,88210-1199,A
Lovelace Regional Hospital - Roswell,117 East 19th Street,Roswell,NM,88201,C
Holy Cross Hospital,1397 Weimer Road,Taos,NM,87571-6284,C
CHRISTUS St. Vincent Regional Medical Center,455 St. Michael's Drive,Santa Fe,NM,87505-7663,D
Espanola Hospital,1010 SPRUCE STREET,Espanola,NM,87532-2746,C
GERALD CHAMPION REGIONAL MEDICAL CENTER,2669 NORTH SCENIC DRIVE,Alamogordo,NM,88310,D
University of New Mexico Hospital,2211 LOMAS BOULEVARD NE,Albuquerque,NM,87106,D
UNM Sandoval,3001 Broadmoor Blvd NE,Rio Rancho,NM,87144,C
Presbyterian Hospital,1100 CENTRAL AVE SE,Albuquerque,NM,87106-4934,C
Lovelace Westside Hospital,10501 Golf Course Road NW,Albuquerque,NM,87114-5000,C
Presbyterian Rust Medical Center,2400 Unser Blvd SE,Rio Rancho,NM,87124,C
Memorial Medical Center,2450 South Telshor Boulevard,Las Cruces,NM,88011-5076,B
San Juan Regional Medical Center,801 West Maple Street,Farmington,NM,87401-5630,C
Gila Regional Medical Center,1313 E 32ND ST,Silver City,NM,88061,A
